notification_id,recipient_user_id,notification_type,message,status
1,11d419f6-714a-445c-b75d-7488d450d472,payment,Payment for order e2ff2e4d-1e05-4e53-85e3-21578bc7685f was successful. The restaurant is preparing your meal!,pending
2,11d419f6-714a-445c-b75d-7488d450d472,order,Order e2ff2e4d-1e05-4e53-85e3-21578bc7685f placed! We'll let you know when it's ready.,pending
3,1,order,New order received: e2ff2e4d-1e05-4e53-85e3-21578bc7685f. Please begin preparation.,pending
4,11d419f6-714a-445c-b75d-7488d450d472,payment,A refund has been issued for your canceled order e2ff2e4d-1e05-4e53-85e3-21578bc7685f. It may take a few business days to reflect in your account.,pending
5,11d419f6-714a-445c-b75d-7488d450d472,order,Order e2ff2e4d-1e05-4e53-85e3-21578bc7685f has been canceled by the customer.,failed
6,11d419f6-714a-445c-b75d-7488d450d472,payment,Payment for order d493e23b-c11b-45d9-a90f-4404f93bfddb was successful. The restaurant is preparing your meal!,pending
7,11d419f6-714a-445c-b75d-7488d450d472,order,Order d493e23b-c11b-45d9-a90f-4404f93bfddb placed! We'll let you know when it's ready.,pending
8,1,order,New order received: d493e23b-c11b-45d9-a90f-4404f93bfddb. Please begin preparation.,pending
9,11d419f6-714a-445c-b75d-7488d450d472,order,Your order d493e23b-c11b-45d9-a90f-4404f93bfddb has been approved by the restaurant. We'll let you know when it's ready!,pending
