assignment_id,restaurant_id,staff_id,assignment
1,101,a1a68d08-99cd-4cf8-9cd4-571551e062f3,OWNER
2,101,0a4a70ed-8dec-455d-8d56-7ba90d6b4a56,MANAGER
3,101,212d65de-5699-4916-b0f5-11f6c5a6606e,COURIER
4,12,38cd98f6-9729-45d3-8d3e-c2eeb1f5cd27,COURIER
5,104,6eb043eb-839b-4071-88d6-b5d0c0094d13,OWNER
6,104,e5943ba1-550c-4fd3-a769-cc869f2e5bf4,COURIER
7,105,329e8436-db19-487e-a720-f3268a3e4ff6,OWNER
8,105,f5731baa-fec6-42f5-83f1-ad4ae890cf1b,MANAGER
9,105,429da41c-3c26-4044-a61e-1b84d57fb3f5,COURIER
